Filename,Predictions
000_14M0LD-e1525732547750-400x250.jpg,military tank
000_14M0LD-e1525732547750-400x250.jpg,military tank
000_1H95VB.width-800.jpg,military aircraft
000_1LC27X-e1570900274807-1024x640.jpg,military tank
000_1LC27X-e1570900274807-1024x640.jpg,military tank
01-BOAC-Comet-1-G-BOAC-AI-PM-1953-0603-Marvin-G-Goldman-Colln.jpg,civilian aircraft
01-honda-civic-si-sedan.jpg,civilian car
01convoy01.jpg,military truck
0b28dfae627833f2697dddd956d57558--panzer-iv-military-tank.jpg,military tank
0c1a3269dca7c2a3cddec316466b39a0.jpg,military helicopter
0de8a1c1ce19bc38c5c6b79aca6f074c.jpg,civilian aircraft
0efe40e2a12d35b5801a0b236d486c58.jpg,military aircraft
0f0c81a7303883289bd9d0e9b468b834.jpg,military tank
0gDqyrWQxW1AT7h1x.jpg,military tank
0TREpvY3xoDJIKMK8.jpg,military tank
0_1346310708840_l.jpg,military tank
0_A-Puma-helicopter-believed-to-have-been-carrying-senior-officers-arrives-at-RAF-Valley-for-a-ceremon.jpg,military helicopter
0_BEN-OFFICIAL-20190520-212-631.jpg,military helicopter
0_INDIA-PAKISTAN-KASHMIR-UNREST.jpg,military truck
1(1).jpg,military truck
1(1).jpg,military truck
1(1).jpg,military truck
1(1).jpg,military truck
1(1).jpg,military truck
1(2).jpg,military truck
1(2).jpg,military truck
1(2).jpg,military truck
1(3).jpg,civilian aircraft
1(3).jpg,civilian aircraft
1(4).jpg,military helicopter
1-129.jpg,military tank
1-288.jpg,military truck
1-620.jpg,military truck
1-72-Scale-F35-Military-Plane-Model.jpg,military aircraft
1-helicopter-1.jpg,military helicopter
1-image-Mi-26.jpg,military helicopter
1-lexus-ls500h-2018-rt-hero-front_0.jpg,civilian car
1.-turret-1024x836.jpg,military helicopter
1.-turret-1024x836.jpg,military helicopter
1abb95c8dca7dc5900b30134c3f0e1c2.jpg,military tank
1ae8305b1440474b8cf4b16cadc82d52_c0x0-1600x686.jpg,civilian car
1c0ae2205709722b62e843abc0471a55_XL.jpg,military aircraft
1c9731fb1a5b4f53ba13c5b5f14d5b81_c0x0-720x720.jpg,civilian car
1d52bb2b7f50c088e299598865f719e7.jpg,civilian aircraft
1d98a84b05bcc76dc3b12b7bc183d31e.jpg,military aircraft
1d98a84b05bcc76dc3b12b7bc183d31e.jpg,military aircraft
1dd71a68-1b4a-11ea-8971-922fdc94075f_image_hires_175541JPG.jpg,military tank
1ffe94522f74d9e1d5c108ba1bb89c7b.jpg,military aircraft
1l-image-102.jpg,military tank
1l-image-2S35-Koalitsiya-SV.jpg,military tank
1l-Image-Abrams-M1A2-SEPV3-.jpg,military tank
1l-image-Magni-Multi-Rotor-Micro-Drone-800x600.jpg,military aircraft
1l-image-Mi-24P-1M.jpg,military helicopter
1l-Image.jpg,military tank
1l-Leopard-2-A7.jpg,military tank
1M1A5533.jpg,military tank
1M1A5533.jpg,military tank
1M1A5533.jpg,military tank
1st_Armoured_Div_28AWM_02547329.jpg,military tank
1st_Armoured_Div_28AWM_02547329.jpg,military tank
1st_Armoured_Div_28AWM_02547329.jpg,military tank
1st_Armoured_Div_28AWM_02547329.jpg,military tank
1st_Fighter_Wing_hosts_coalition_aerial_exercise_28329.jpg,military aircraft
1st_Fighter_Wing_hosts_coalition_aerial_exercise_28329.jpg,military aircraft
1st_Fighter_Wing_hosts_coalition_aerial_exercise_28329.jpg,military aircraft
1st_Fighter_Wing_hosts_coalition_aerial_exercise_28329.jpg,military aircraft
1X0A9550-1024x474.jpg,military helicopter
1_16a0842c3b7.2003837_3834054413_16a0842c3b7_large.jpg,civilian aircraft
1_dd6316f1-e9c3-4658-a623-5318e60c76a4_300x300.jpg,military tank
1_ms_1.jpg,military tank
1_ms_1.jpg,military tank
1_ms_1.jpg,military tank
1_ms_1.jpg,military tank
2-1-4.jpg,military tank
2a25ddfdfac41013a84a140140b5f9b3.jpg,military tank
2a3a538e8ed338492a170d234a569836.jpg,military tank
2a3a538e8ed338492a170d234a569836.jpg,military tank
2a93d4da2566b97a92de5aa6dd16e189.jpg,military aircraft
a-modern-jet-passenger-blue-plane-on-the-runway-view-from-above-a-KJJ4DD.jpg,civilian aircraft
a-right-front-view-of-four-helicopters-flying-in-formation-top-to-bottom-a-a586ce-1600.jpg,civilian aircraft
a-right-front-view-of-four-helicopters-flying-in-formation-top-to-bottom-a-a586ce-1600.jpg,civilian aircraft
a-right-front-view-of-four-helicopters-flying-in-formation-top-to-bottom-a-a586ce-1600.jpg,civilian aircraft
a-right-front-view-of-four-helicopters-flying-in-formation-top-to-bottom-a-a586ce-1600.jpg,civilian aircraft
airplane-top-view-eps-vector_csp55282647.jpg,civilian aircraft
airplane-top-view-line-icon-concept-airplane-top-view-flat-vector-symbol-sign-outline-illustration-T1G0EY.jpg,civilian aircraft
airplane-top-view-passenger-or-commercial-jet-boarding-pass-and-passport-paper-world-map-cartography-and-geography-aircrfat-lat-style-journey-or-T4T5WM.jpg,civilian aircraft
airplane-top-view-seamless-vector-17748775.jpg,military aircraft
airplane-top-view-seamless-vector-17748775.jpg,military aircraft
airplane-top-view-seamless-vector-17748775.jpg,military aircraft
airplane-top-view-seamless-vector-17748775.jpg,military aircraft
airplane-top-view-vector-illustration-high-detaled-airplane-airline-concept-travel-passenger-illustration_csp52788928.jpg,civilian aircraft
airplane-top-view-vector-illustration-holiday-trip-flying-passenger-jet-transportation-commercial-79942635.jpg,military truck
airplane-top-view-vector-illustration-holiday-trip-flying-passenger-jet-transportation-commercial-79942635.jpg,military truck
airplane-top-view-vector-illustration-holiday-trip-flying-passenger-jet-transportation-commercial-79942635.jpg,military truck
airplane-topview-symbol-m1ehyj.jpg,civilian aircraft
airplane-travel-sky-travel-vacation-b0112e-1024.jpg,military aircraft
airplane-vector-illustration-top-view-clip-art__k56363657.jpg,civilian aircraft
Airport-plane-runway-top-view_2880x1800.jpg,military truck
airshow-1516742_960_720.jpg,military helicopter
Akash-Weapon-System2.jpg,civilian car
Akash_surface-to-air_defense_missile_system_India_Indian_army_military_equipment_defense_industry_640_001.jpg,military truck
Al-Khalid-Battle-Tank.jpg,military tank
Alabino110416-22.jpg,military tank
Alabino110416-22.jpg,military tank
ALAT-Mali.jpg,military helicopter
ALAT-Mali.jpg,military helicopter
aletta-wenas-helispread2-2forportfoliobox.jpg,military helicopter
alexandru-chirileac-m1a1-abrams-vertical-p1.jpg,military tank
alexandru-chirileac-m1a1-abrams-vertical-p1.jpg,military tank
alexutemov161100281.jpg,civilian car
alexutemov161100281.jpg,civilian car
Alfa-Romeo-Stelvio-20web.jpg,civilian car
algeria-1.jpg,civilian car
ALH_Rudra_AFP.jpg,military helicopter
ALH_Rudra_AFP.jpg,military helicopter
ALH_Rudra_AFP.jpg,military helicopter
Alvis-Fox-1-600x600.jpg,military tank
Alvis-Stormer-HVM-CVRT-For-Sale-2-400x400.jpg,military tank
al_truck.jpg,military tank
amarg-aerial-view-kc135-stratotankers.jpg,military aircraft
amarg-aerial-view-kc135-stratotankers.jpg,military aircraft
amarg-aerial-view-kc135-stratotankers.jpg,military aircraft
amarg-aerial-view-kc135-stratotankers.jpg,military aircraft
Amazing-Military-Tank-Shape-Pencil-SDL026468957-1-1a6dc.jpg,military tank
ambulance-car-in-traffic-jam-top-view_gg98356378.jpg,civilian car
ambulance-car-in-traffic-jam-top-view_gg98356378.jpg,civilian car
ambulance-car-in-traffic-jam-top-view_gg98356378.jpg,civilian car
ambulance-car-in-traffic-jam-top-view_gg98356378.jpg,civilian car
ambulance-car-in-traffic-jam-top-view_gg98356378.jpg,civilian car
ampaire-electric-ie_resize_md.jpg,military helicopter
AMW_Asia_Motor_works_defence_range_military_vehicle_at_DefExpo_2012_exhibition_New_Delhi_640.jpg,military truck
AMX-13_Chaffee-1.jpg,military tank
AMX-13_FL11-1.jpg,military tank
an-air-to-air-left-side-view-of-a-38th-air-rescue-squadron-hh-60g-pave-hawk-b2e59d-640.jpg,military helicopter
an-air-to-air-left-side-view-of-a-b-1b-bomber-during-an-news-photo-1576010325.jpg,civilian aircraft
an-air-to-air-left-side-view-of-three-38th-air-rescue-squadron-hh-60g-pave-a18fdf-1600.jpg,military helicopter
an-air-to-air-left-side-view-of-three-38th-air-rescue-squadron-hh-60g-pave-a18fdf-1600.jpg,military helicopter
an-air-to-air-right-side-view-of-an-hh-60g-pave-hawk-helicopter-from-the-38th-53921a-640.jpg,military helicopter
an-armata-t-14-battle-tank-is-seen-during-the-victory-day-news-photo-956810882-1550085632.jpg,military tank
an-m22-locust-american-light-tank-at-bovington-tank-museum-in-the-uk-741x629.jpg,military truck
Anand-Toys-Military-Truck-SDL295721068-1-1e91f.jpg,military truck
Anand-Toys-Military-Truck-SDL295721068-3-a4bf2.jpg,military truck
andre-reinhardt-proscout-mki-woodcamo-topview.jpg,military tank
ani1565200543.jpg,military truck
anti-landmine-vehicles.jpg,military truck
Antonov-An-12-3-view-1213a.jpg,military aircraft
Antonov-An-12-3-view-1213a.jpg,military aircraft
Antonov-An-12-3-view-1213a.jpg,military aircraft
an_22.jpg,military aircraft
aOa3RO-TopView.jpg,military aircraft
APA-Andrew-Thomas.jpg,military helicopter
Apache(1).jpg,military helicopter
apache-1024x683.jpg,military helicopter
Apache-AH-64E-attack-helicopter-during-its-induction-ceremony-into-the-Indian-Air-Force-IAF-Pathankot-Air-Force-Station-Sept-03-2019-Image-PTI-770x435.jpg,military helicopter
apache-final-final.jpg,military helicopter
Apache-Guardian-Attack-Helicopter.jpg,military helicopter
Apache-Helicopter-take-off.jpg,military helicopter
apache-helicopter.jpg,military helicopter
Apache-helicopter_720725.jpg,military helicopter
Apache.jpg,military helicopter
Apache1-696x392.jpg,military helicopter
Apache20helicopter20pull20back.jpg,military helicopter
Apache_1.jpg,military helicopter
apache_attack_helicopter_759.jpg,military helicopter
apache_helicopter_660x450_090319115136.jpg,military helicopter
Apache_Helicopter_Block_III_4.jpg,military helicopter
Apache_Helicopter_Firing_Rockets_MOD_45154922.jpg,military helicopter
Apache_PTI-770x433.jpg,military helicopter
apache_rain.jpg,military helicopter
apache_set_660x450_090319044524.jpg,military helicopter
APcover51.jpg,civilian aircraft
apo-wmid-2016-053-0132-pano.jpg,military tank
apo-wmid-2016-053-0132-pano.jpg,military tank
apo-wmid-2016-053-0132-pano.jpg,military tank
apo-wmid-2016-053-0132-pano.jpg,military tank
apo-wmid-2016-053-0132-pano.jpg,military tank
apo-wmid-2016-053-0132-pano.jpg,military tank
app-commercial-aircraft-small.jpg,military aircraft
APS_437px.jpg,military tank
ap_07081103964_wide-62ebfc69dbd71994d534971150313dcc37d080bd-s800-c85.jpg,military aircraft
ap_07081103964_wide-62ebfc69dbd71994d534971150313dcc37d080bd-s800-c85.jpg,military aircraft
AP_18079428646977.jpg,military helicopter
AP_18079428646977.jpg,military helicopter
AP_19070763210473.jpg,military tank
AP_19186259199270.jpg,military truck
AP_19297722410598.jpg,military aircraft
arb-convoy-banner-01-1.jpg,military helicopter
arb-convoy-banner-01-1.jpg,military helicopter
arb-convoy-banner-01-1.jpg,military helicopter
arb-convoy-banner-01-1.jpg,military helicopter
arizona-airforce-boneyard-b1b-bombers.jpg,military helicopter
arizona-airforce-boneyard-b1b-bombers.jpg,military helicopter
Arjun-Tank.jpg,military tank
Arjun_main_battle_tank_heavy_tracked_armoured_vehicle_India_indian_Army_line_drawing_blueprint_002.jpg,military tank
Arjun_main_battle_tank_heavy_tracked_armoured_vehicle_India_indian_Army_line_drawing_blueprint_002.jpg,military tank
armata.jpg,military tank
Armored-Personnel-Carrier-India-Panthera-F9-APC-.jpg,military tank
armored-truck-vector-mockup-clipart__k61587600.jpg,civilian car
armored-truck-vector-mockup-clipart__k61587600.jpg,civilian car
armored-truck-vector-mockup-clipart__k61587600.jpg,civilian car
armored-truck-vector-mockup-clipart__k61587600.jpg,civilian car
armored-truck-vector-mockup-clipart__k61587600.jpg,civilian car
ArmoredBoxville-GTAO-front.jpg,military truck
armoured-military-truck-manufacturers-traders-dealers-supplier-in-india-1-638.jpg,military tank
armoured-military-truck-manufacturers-traders-dealers-supplier-in-india-1-638.jpg,military tank
armoured-military-truck-manufacturers-traders-dealers-supplier-in-india-1-638.jpg,military tank
Armoured-Security-Vehicles-India-E28093-MSPV-Panthera-T4.jpg,military truck
armoured-vehicles.jpg,civilian car
armstrong_in_lltv-2_jun_1969_s69-36906.jpg,military aircraft
army-1-620x400.jpg,military truck
army-3_660_101312084023.jpg,military helicopter
army-5-620x400.jpg,military truck
army23.jpg,military tank
army23.jpg,military tank
army23.jpg,military tank
army_chetak_indianarmy.nic_.in_.jpg,military helicopter
Army_JK.jpg,military truck
Army_JK.jpg,military truck
army_truck_man_8_136_fae_4x4_ex_army_1987_1402642.jpg,military truck
army_truck_unimog_funmog_unimog_mit_doppelkabine_doka_unimog_showcar_1996_5116237.jpg,military truck
image0(10).jpg,civilian aircraft
image0(10).jpg,civilian aircraft
image0(11).jpg,civilian aircraft
image0(6).jpg,military truck
image0(6).jpg,military truck
image0(7).jpg,military helicopter
image0(7).jpg,military helicopter
image0(7).jpg,military helicopter
image0.jpg,military truck
image003.jpg,military tank
image003.jpg,military tank
image003.jpg,military tank
image1(10).jpg,civilian aircraft
image1(2).jpg,military helicopter
image1(3).jpg,military tank
image1(4).jpg,military truck
image1(5).jpg,military aircraft
image1(6).jpg,military helicopter
image1(7).jpg,military helicopter
image1.jpg,military truck
image10(11).jpg,civilian aircraft
image10(2).jpg,military tank
image10(2).jpg,military tank
image10(3).jpg,military aircraft
image10(4).jpg,military truck
image10(5).jpg,military aircraft
image10(6).jpg,military helicopter
image10(8).jpg,civilian car
image10(9).jpg,civilian car
image11(1).jpg,military tank
image11(1).jpg,military tank
image11(10).jpg,civilian aircraft
image11(11).jpg,civilian aircraft
image11(2).jpg,military tank
image11(2).jpg,military tank
image11(3).jpg,military aircraft
image11(7).jpg,military helicopter
image11(9).jpg,civilian car
image11.jpg,military truck
image12(11).jpg,civilian aircraft
image12(2).jpg,military tank
image12(2).jpg,military tank
image12(4).jpg,military truck
image12(7).jpg,military helicopter
image12(9).jpg,civilian car
image12.jpg,military truck
image13(2).jpg,military tank
image13(2).jpg,military tank
image13(3).jpg,military aircraft
image13(4).jpg,military truck
image2 (2).jpg,military truck
image2(10).jpg,civilian aircraft
image2(11).jpg,civilian aircraft
image2(2).jpg,military helicopter
image2(3).jpg,military aircraft
image2(4).jpg,military truck
image2(5).jpg,military aircraft
image2(6).jpg,military helicopter
image2(7).jpg,military helicopter
image2.jpg,military tank
image3(1).jpg,military tank
image3(10).jpg,civilian aircraft
image3(2).jpg,military tank
image3(4).jpg,military truck
image3(6).jpg,military helicopter
image4 (2).jpg,military truck
image4(1).jpg,military tank
image4(10).jpg,civilian aircraft
image4(2).jpg,military tank
image4(4).jpg,military truck
image4(5).jpg,military aircraft
image4(6).jpg,military truck
image4(6).jpg,military truck
image4(8).jpg,civilian car
image4(9).jpg,civilian car
image5(1).jpg,military tank
image5(10).jpg,civilian aircraft
image5(11).jpg,civilian aircraft
image5(2).jpg,military tank
image5(4).jpg,military truck
image5(5).jpg,military aircraft
image5(6).jpg,military truck
image5(6).jpg,military truck
image5(9).jpg,civilian car
image5.jpg,military truck
image6(1).jpg,military tank
image6(11).jpg,civilian aircraft
image6(2).jpg,military tank
image6(4).jpg,military truck
image6(6).jpg,military helicopter
image6(8).jpg,civilian car
image6.jpg,military truck
image6.jpg,military truck
image6.jpg,military truck
image6.jpg,military truck
image6.jpg,military truck
image6.jpg,military truck
image6.jpg,military truck
image6.jpg,military truck
image6.jpg,military truck
image6.jpg,military truck
image6.jpg,military truck
image6.jpg,military truck
image7(11).jpg,civilian aircraft
image7(2).jpg,military tank
image7(6).jpg,military helicopter
image7(9).jpg,civilian car
image7.jpg,military truck
image7.jpg,military truck
image7.jpg,military truck
image7.jpg,military truck
image7.jpg,military truck
image7.jpg,military truck
image7.jpg,military truck
image7.jpg,military truck
image7.jpg,military truck
image7.jpg,military truck
image7.jpg,military truck
image7.jpg,military truck
image8(11).jpg,civilian aircraft
image8(2).jpg,military tank
image8(5).jpg,military aircraft
image8(6).jpg,military helicopter
image8(8).jpg,military truck
image8(9).jpg,civilian car
image8.jpg,military tank
image8bc481d1-5bf0-4808-a29a-2675cf76d3da.jpg,military helicopter
image9(11).jpg,civilian aircraft
image9(2).jpg,military tank
image9(3).jpg,military aircraft
image9(4).jpg,military truck
image9(5).jpg,military aircraft
image9(6).jpg,military helicopter
image9(9).jpg,civilian car
image9.jpg,civilian car
image9.jpg,civilian car
image9.jpg,civilian car
image9.jpg,civilian car
image9.jpg,civilian car
images205(3).jpg,military aircraft
images205(4).jpg,military aircraft
images205(5).jpg,military aircraft
images205(5).jpg,military aircraft
images205(5).jpg,military aircraft
images205(5).jpg,military aircraft
images205(5).jpg,military aircraft
images205(5).jpg,military aircraft
images205(5).jpg,military aircraft
images205(5).jpg,military aircraft
images205(6).jpg,military helicopter
images205(7).jpg,military helicopter
images205(8).jpg,civilian car
images206(1).jpg,military tank
images206(10).jpg,civilian aircraft
images206(2).jpg,military tank
images206(4).jpg,civilian car
images206(5).jpg,military aircraft
images206(6).jpg,military helicopter
images206(9).jpg,civilian car
images207(1).jpg,military tank
images207(10).jpg,military tank
images207(6).jpg,military helicopter
images207(7).jpg,military helicopter
images207(8).jpg,civilian car
images208(1).jpg,military tank
images208(4).jpg,military truck
images208(5).jpg,military aircraft
images208(6).jpg,military helicopter
images208(6).jpg,military helicopter
images208(6).jpg,military helicopter
images208(6).jpg,military helicopter
images208(8).jpg,civilian car
images208(8).jpg,civilian car
images208(8).jpg,civilian car
images208(8).jpg,civilian car
images209(1).jpg,military tank
images209(1).jpg,military tank
images209(1).jpg,military tank
images209(10).jpg,civilian aircraft
images209(4).jpg,military truck
images209(5).jpg,military aircraft
images209(7).jpg,military helicopter
images209(9).jpg,civilian car
images210(1).jpg,military tank
images210(10).jpg,military tank
images210(4).jpg,military truck
images210(4).jpg,military truck
images210(5).jpg,military aircraft
images210(6).jpg,military helicopter
images210(8).jpg,civilian car
images211(1).jpg,military tank
images211(10).jpg,military aircraft
images211(4).jpg,military tank
images211(4).jpg,military tank
images211(6).jpg,military helicopter
images211(7).jpg,military helicopter
images211(9).jpg,civilian car
images212(1).jpg,civilian car
images212(2).jpg,military tank
images212(3).jpg,civilian aircraft
images212(4).jpg,military truck
images212(6).jpg,military helicopter
images212(6).jpg,military helicopter
images212(8).jpg,civilian car
images213(10).jpg,military aircraft
images213(2).jpg,military tank
images213(2).jpg,military tank
images213(4).jpg,military truck
images213(5).jpg,military aircraft
images213(5).jpg,military aircraft
images213(6).jpg,military helicopter
images214(1).jpg,military tank
images214(2).jpg,military tank
images214(3).jpg,military aircraft
images214(3).jpg,military aircraft
images214(5).jpg,military aircraft
images214(6).jpg,military helicopter
images214(7).jpg,military helicopter
images215(1).jpg,military tank
images215(10).jpg,civilian aircraft
images215(4).jpg,military truck
images215(4).jpg,military truck
images215(5).jpg,military aircraft
images215(6).jpg,military helicopter
images215(8).jpg,civilian car
images215(9).jpg,civilian car
images216(1).jpg,military tank
images216(10).jpg,civilian aircraft
images216(2).jpg,military tank
images216(3).jpg,military aircraft
images216(4).jpg,military truck
images216(6).jpg,military helicopter
images216(8).jpg,civilian car
images217(1).jpg,military tank
images217(10).jpg,civilian aircraft
images217(2).jpg,military tank
images217(4).jpg,military truck
images217(5).jpg,military aircraft
images217(6).jpg,military helicopter
images217(7).jpg,military helicopter
images217(8).jpg,civilian car
images217.jpg,military truck
images218(1).jpg,military truck
images218(10).jpg,civilian aircraft
images218(2).jpg,military tank
images218(4).jpg,military truck
images218(5).jpg,military aircraft
images218(6).jpg,military helicopter
images218(9).jpg,civilian car
images218.jpg,military aircraft
images219(1).jpg,military tank
images219(1).jpg,military tank
images219(10).jpg,civilian aircraft
images219(2).jpg,military tank
images219(4).jpg,military truck
images219(5).jpg,military aircraft
images219(6).jpg,military helicopter
images219(8).jpg,civilian car
images219(9).jpg,civilian car
images220(1).jpg,military tank
images220(1).jpg,military tank
images220(1).jpg,military tank
images220(1).jpg,military tank
images220(1).jpg,military tank
images220(1).jpg,military tank
images220(1).jpg,military tank
images220(1).jpg,military tank
images220(1).jpg,military tank
images220(1).jpg,military tank
images220(1).jpg,military tank
images220(1).jpg,military tank
images220(10).jpg,civilian aircraft
images220(2).jpg,military tank
images220(3).jpg,civilian aircraft
images220(5).jpg,military aircraft
images220(6).jpg,military aircraft
images220(7).jpg,military helicopter
images220(8).jpg,civilian car
images220(9).jpg,civilian car
images221(1).jpg,military tank
images221(1).jpg,military tank
images221(2).jpg,military tank
images221(4).jpg,military truck
images221(4).jpg,military truck
images221(5).jpg,military aircraft
images221(6).jpg,military helicopter
images221(8).jpg,civilian car
images340.jpg,military aircraft
images340.jpg,military aircraft
images341(1).jpg,military tank
images341(10).jpg,civilian aircraft
images341(2).jpg,military tank
images341(3).jpg,military aircraft
images341(4).jpg,military truck
images341(7).jpg,military helicopter
images341(8).jpg,civilian car
images341(9).jpg,civilian car
images342(1).jpg,military tank
images74(10).jpg,military aircraft
images74(6).jpg,military helicopter
images74(6).jpg,military helicopter
images74(6).jpg,military helicopter
images74(6).jpg,military helicopter
images74(8).jpg,civilian car
images74.jpg,military truck
images75(1).jpg,military tank
images75(10).jpg,civilian aircraft
images75(11).jpg,civilian aircraft
images75(2).jpg,military tank
images75(3).jpg,military aircraft
images75(4).jpg,military truck
images75(5).jpg,military aircraft
images75(6).jpg,military helicopter
images75(7).jpg,military helicopter
images75(8).jpg,civilian car
images75.jpg,military truck
images75.jpg,military truck
images75.jpg,military truck
images75.jpg,military truck
images76(1).jpg,military tank
images76(10).jpg,civilian aircraft
images76(11).jpg,military aircraft
images76(11).jpg,military aircraft
images76(11).jpg,military aircraft
images76(11).jpg,military aircraft
images76(11).jpg,military aircraft
images76(11).jpg,military aircraft
images76(11).jpg,military aircraft
images76(11).jpg,military aircraft
images76(11).jpg,military aircraft
images76(2).jpg,military tank
images76(3).jpg,military aircraft
images76(4).jpg,military truck
images76(5).jpg,military aircraft
images76(6).jpg,military helicopter
images76(7).jpg,military helicopter
images76(8).jpg,civilian car
images76(9).jpg,civilian car
images76.jpg,military tank
images76.jpg,military tank
images76.jpg,military tank
images76.jpg,military tank
images77(1).jpg,military tank
images77(10).jpg,civilian aircraft
images77(11).jpg,civilian aircraft
images77(2).jpg,military tank
images77(4).jpg,military truck
images77(5).jpg,military helicopter
images77(5).jpg,military helicopter
images77(5).jpg,military helicopter
images77(6).jpg,military helicopter
images77(9).jpg,civilian car
images77(9).jpg,civilian car
images77(9).jpg,civilian car
images77(9).jpg,civilian car
images77(9).jpg,civilian car
images78(1).jpg,military tank
images78(10).jpg,civilian aircraft
images78(11).jpg,civilian aircraft
images78(2).jpg,military tank
images78(3).jpg,military aircraft
images78(4).jpg,military tank
images78(5).jpg,military aircraft
images78(6).jpg,military helicopter
images78(6).jpg,military helicopter
images78(6).jpg,military helicopter
images78(8).jpg,civilian car
images78(9).jpg,civilian car
images79(1).jpg,military tank
images79(10).jpg,civilian aircraft
images79(11).jpg,civilian aircraft
images79(4).jpg,military truck
images79(4).jpg,military truck
images79(4).jpg,military truck
images79(4).jpg,military truck
images79(4).jpg,military truck
images79(5).jpg,military aircraft
images79(6).jpg,military helicopter
images79(6).jpg,military helicopter
images79(6).jpg,military helicopter
images79(8).jpg,civilian car
images80(1).jpg,military tank
images80(10).jpg,civilian aircraft
images80(11).jpg,civilian aircraft
images80(2).jpg,military tank
images80(2).jpg,military tank
images80(4).jpg,military truck
images80(5).jpg,military helicopter
images80(6).jpg,military helicopter
images80(8).jpg,civilian car
images80(9).jpg,civilian car
images80(9).jpg,civilian car
images80(9).jpg,civilian car
images80(9).jpg,civilian car
images80(9).jpg,civilian car
images81(1).jpg,military tank
images81(1).jpg,military tank
images81(10).jpg,civilian aircraft
images81(11).jpg,military aircraft
images81(11).jpg,military aircraft
images81(11).jpg,military aircraft
images81(11).jpg,military aircraft
images81(11).jpg,military aircraft
images81(3).jpg,military aircraft
images81(4).jpg,civilian car
images81(4).jpg,civilian car
images81(5).jpg,military aircraft
images81(6).jpg,military helicopter
images81(8).jpg,civilian car
images81(9).jpg,civilian car
images81(9).jpg,civilian car
images81(9).jpg,civilian car
images81(9).jpg,civilian car
images81(9).jpg,civilian car
images81(9).jpg,civilian car
images81(9).jpg,civilian car
images81(9).jpg,civilian car
images81(9).jpg,civilian car
images81(9).jpg,civilian car
images81(9).jpg,civilian car
images81(9).jpg,civilian car
images81(9).jpg,civilian car
images81.jpg,military helicopter
images82(1).jpg,military tank
images82(1).jpg,military tank
images82(1).jpg,military tank
images82(10).jpg,civilian aircraft
images82(11).jpg,civilian aircraft
images82(2).jpg,military tank
images82(4).jpg,military truck
images82(5).jpg,civilian aircraft
images82(6).jpg,military helicopter
images83(1).jpg,military tank
images83(10).jpg,military helicopter
images83(2).jpg,military tank
images83(3).jpg,military aircraft
images83(3).jpg,military aircraft
images83(4).jpg,military truck
images83(5).jpg,military aircraft
images83(6).jpg,military helicopter
images83(7).jpg,military helicopter
images83(8).jpg,civilian car
images83(9).jpg,civilian car
images83.jpg,civilian car
images83.jpg,civilian car
images84(1).jpg,military tank
images84(1).jpg,military tank
images84(10).jpg,military helicopter
images84(11).jpg,civilian aircraft
images84(2).jpg,military tank
images84(3).jpg,military aircraft
images84(4).jpg,military tank
images84(6).jpg,military helicopter
images84(6).jpg,military helicopter
images84(6).jpg,military helicopter
images84(6).jpg,military helicopter
images84(6).jpg,military helicopter
images84(6).jpg,military helicopter
images84(6).jpg,military helicopter
images84(7).jpg,military helicopter
images84(7).jpg,military helicopter
images85(1).jpg,military tank
images85(10).jpg,civilian aircraft
images85(11).jpg,civilian aircraft
images85(11).jpg,civilian aircraft
images85(11).jpg,civilian aircraft
images85(4).jpg,military truck
images85(5).jpg,military aircraft
images85(6).jpg,military helicopter
images85(8).jpg,civilian car
images85(9).jpg,civilian car
images85(9).jpg,civilian car
images86(1).jpg,military tank
images86(2).jpg,military tank
images86(2).jpg,military tank
images86(2).jpg,military tank
images86(3).jpg,civilian aircraft
images86(4).jpg,military truck
images86(4).jpg,military truck
images86(4).jpg,military truck
images86(5).jpg,military aircraft
images86(5).jpg,military aircraft
_100300374_gettyimages-477389793.jpg,military tank
_103476582_6af98702-2d80-4646-a20e-5af48f89c986.jpg,military tank
_103481832_049373589.jpg,
_107715692_gettyimages-1159570665.jpg,
_107715692_gettyimages-1159570665.jpg,
_107715692_gettyimages-1159570665.jpg,
_107715692_gettyimages-1159570665.jpg,
_107715692_gettyimages-1159570665.jpg,
_107981154_gettyimages-185701027.jpg,
_107999522_hi055470907.jpg,
_109898488_mediaitem109898487.jpg,
_110072566_gettyimages-1134568783.jpg,
_57608873_drone.jpg,
_83539969_b47a9225-6db2-4f83-975d-576edf0279e6.jpg,
_90482169_a1648047-7a18-441a-923c-c44260e5b19e.jpg,
_98332434_mediaitem98332433.jpg,
